<?xml version="1.0" encoding="UTF-8" standalone="yes"?>
<addon id="plugin.program.aftermath" name="[COLOR dodgerblue][B]Aftermath[/B][/COLOR] Wizard" version="0.5.6" provider-name="lexguy2007">
  <requires>
    <import addon="xbmc.python" version="2.1.0"/>
  </requires>
  <extension point="xbmc.python.pluginsource" library="default.py">
    <provides>executable</provides>
  </extension>
  <extension point="xbmc.service" library="startup.py" start="startup" />
  <extension point="xbmc.addon.metadata">
    <summary lang="en">[COLOR dodgerblue][B]Aftermath[/B][/COLOR] Wizard</summary>
    <description lang="en">[COLOR dodgerblue][B]Aftermath[/B][/COLOR] Wizard offers many maintenance features, selective add-on data saving, and automated build installs.</description>
    <platform>all</platform>
  </extension>
</addon>
